step,stakeholder,query_type,mechanism,epsilon,error_meters,count_error,completeness,latency_ms
100,operator,location,laplace,1.0,655.879516675312,0,1.0,1.0075569152832031
100,operator,count,laplace,1.0,0,1,1.0,0.0
200,operator,location,laplace,1.0,517.7746670570042,0,1.0,0.0
200,operator,count,laplace,1.0,0,1,1.0,0.0
300,operator,location,laplace,1.0,418.4330217635658,0,1.0,1.4793872833251953
300,operator,count,laplace,1.0,0,1,1.0,0.0
300,planner,location,laplace,1.0,546.2392632639215,0,1.0,1.0349750518798828
300,planner,count,laplace,1.0,0,3,1.0,1.3744831085205078
400,operator,location,laplace,1.0,507.2596458596337,0,1.0,1.0516643524169922
400,operator,count,laplace,1.0,0,5,1.0,0.0
500,operator,location,laplace,1.0,666.9251363674648,0,1.0,2.014636993408203
500,operator,count,laplace,1.0,0,0,1.0,0.0
600,operator,location,laplace,1.0,548.5260928971566,0,1.0,2.025127410888672
600,operator,count,laplace,1.0,0,3,1.0,1.214742660522461
600,planner,location,laplace,1.0,477.096447521464,0,1.0,2.020120620727539
600,planner,count,laplace,1.0,0,1,1.0,1.3248920440673828
700,operator,location,laplace,1.0,591.3795468607154,0,1.0,3.273487091064453
700,operator,count,laplace,1.0,0,1,1.0,0.0
800,operator,location,laplace,1.0,555.5687583825422,0,1.0,0.0
800,operator,count,laplace,1.0,0,0,1.0,0.0
900,operator,location,laplace,1.0,549.5263175249765,0,1.0,0.0
900,operator,count,laplace,1.0,0,1,1.0,0.0
900,planner,location,laplace,1.0,654.445800041044,0,1.0,0.0
900,planner,count,laplace,1.0,0,0,1.0,10.440349578857422
1000,operator,location,laplace,1.0,454.6799155962781,0,1.0,0.0
1000,operator,count,laplace,1.0,0,0,1.0,0.0
1100,operator,location,laplace,1.0,489.65296361262074,0,1.0,0.0
1100,operator,count,laplace,1.0,0,2,1.0,10.016918182373047
1200,operator,location,laplace,1.0,562.5553226431924,0,1.0,15.745401382446289
1200,operator,count,laplace,1.0,0,0,1.0,0.0
1200,planner,location,laplace,1.0,481.77086462128625,0,1.0,9.693622589111328
1200,planner,count,laplace,1.0,0,3,1.0,1.1098384857177734
1300,operator,location,laplace,1.0,534.2682466993167,0,1.0,0.0
1300,operator,count,laplace,1.0,0,2,1.0,0.0
1400,operator,location,laplace,1.0,560.8939555225081,0,1.0,0.0
1400,operator,count,laplace,1.0,0,11,1.0,0.0
1500,operator,location,laplace,1.0,485.00484704224516,0,1.0,0.0
1500,operator,count,laplace,1.0,0,1,1.0,15.033245086669922
1500,planner,location,laplace,1.0,504.5142476433683,0,1.0,5.969047546386719
1500,planner,count,laplace,1.0,0,3,1.0,1.1262893676757812
1600,operator,location,laplace,1.0,575.6758618545009,0,1.0,1.016855239868164
1600,operator,count,laplace,1.0,0,0,1.0,0.0
1700,operator,location,laplace,1.0,528.7489329986839,0,1.0,20.767688751220703
1700,operator,count,laplace,1.0,0,2,1.0,1.0211467742919922
1800,operator,location,laplace,1.0,556.3395716357066,0,1.0,2.112865447998047
1800,operator,count,laplace,1.0,0,1,1.0,5.767583847045898
1800,planner,location,laplace,1.0,518.3769542614504,0,1.0,5.876064300537109
1800,planner,count,laplace,1.0,0,2,1.0,2.03704833984375
1900,operator,location,laplace,1.0,460.8413443814732,0,1.0,17.700672149658203
1900,operator,count,laplace,1.0,0,9,1.0,6.019353866577148
2000,operator,location,laplace,1.0,523.0788166847623,0,1.0,0.0
2000,operator,count,laplace,1.0,0,2,1.0,11.237621307373047
2100,operator,location,laplace,1.0,530.2466615989056,0,1.0,13.315916061401367
2100,operator,count,laplace,1.0,0,3,1.0,0.0
2100,planner,location,laplace,1.0,573.1423922827904,0,1.0,9.379386901855469
2100,planner,count,laplace,1.0,0,1,1.0,0.0
2200,operator,location,laplace,1.0,528.0097055104326,0,1.0,15.8233642578125
2200,operator,count,laplace,1.0,0,2,1.0,8.657217025756836
2300,operator,location,laplace,1.0,601.202799677939,0,1.0,18.9669132232666
2300,operator,count,laplace,1.0,0,2,1.0,0.0
2400,operator,location,laplace,1.0,539.9814104239707,0,1.0,9.908914566040039
2400,operator,count,laplace,1.0,0,1,1.0,0.0
2400,planner,location,laplace,1.0,553.0000382238957,0,1.0,9.685993194580078
2400,planner,count,laplace,1.0,0,2,1.0,0.0
2500,operator,location,laplace,1.0,585.740570579037,0,1.0,16.010761260986328
2500,operator,count,laplace,1.0,0,4,1.0,0.0
2600,operator,location,laplace,1.0,552.7505269803215,0,1.0,0.0
2600,operator,count,laplace,1.0,0,0,1.0,0.5826950073242188
2700,operator,location,laplace,1.0,581.1442029472016,0,1.0,9.874105453491211
2700,operator,count,laplace,1.0,0,1,1.0,1.01470947265625
2700,planner,location,laplace,1.0,510.3665852131265,0,1.0,5.919456481933594
2700,planner,count,laplace,1.0,0,0,1.0,6.846904754638672
2800,operator,location,laplace,1.0,556.6946146927019,0,1.0,0.0
2800,operator,count,laplace,1.0,0,1,1.0,0.0
2900,operator,location,laplace,1.0,496.8269828548711,0,1.0,0.0
2900,operator,count,laplace,1.0,0,1,1.0,11.930465698242188
3000,operator,location,laplace,1.0,572.103386238909,0,1.0,16.159534454345703
3000,operator,count,laplace,1.0,0,1,1.0,9.358644485473633
3000,planner,location,laplace,1.0,498.103773674388,0,1.0,11.503458023071289
3000,planner,count,laplace,1.0,0,2,1.0,1.0073184967041016
3100,operator,location,laplace,1.0,579.2084798037237,0,1.0,15.886068344116211
3100,operator,count,laplace,1.0,0,1,1.0,8.329391479492188
3200,operator,location,laplace,1.0,571.6796009492494,0,1.0,0.0
3200,operator,count,laplace,1.0,0,1,1.0,1.2755393981933594
3300,operator,location,laplace,1.0,569.6740421099981,0,1.0,6.633281707763672
3300,operator,count,laplace,1.0,0,1,1.0,6.723165512084961
3300,planner,location,laplace,1.0,521.6765169379221,0,1.0,12.656688690185547
3300,planner,count,laplace,1.0,0,3,1.0,0.0
3400,operator,location,laplace,1.0,518.8212431272514,0,1.0,14.690160751342773
3400,operator,count,laplace,1.0,0,1,1.0,0.9930133819580078
3500,operator,location,laplace,1.0,536.6924908359441,0,1.0,16.003131866455078
3500,operator,count,laplace,1.0,0,1,1.0,0.0
3600,operator,location,laplace,1.0,528.1766974057384,0,1.0,18.430709838867188
3600,operator,count,laplace,1.0,0,4,1.0,1.2416839599609375
3600,planner,location,laplace,1.0,571.8655607607665,0,1.0,1.420736312866211
3600,planner,count,laplace,1.0,0,2,1.0,12.900114059448242
3700,operator,location,laplace,1.0,568.3024693281407,0,1.0,15.809059143066406
3700,operator,count,laplace,1.0,0,5,1.0,12.785911560058594
3800,operator,location,laplace,1.0,527.6794961394439,0,1.0,25.033950805664062
3800,operator,count,laplace,1.0,0,2,1.0,1.0869503021240234
3900,operator,location,laplace,1.0,540.8042070464953,0,1.0,13.179779052734375
3900,operator,count,laplace,1.0,0,1,1.0,1.2218952178955078
3900,planner,location,laplace,1.0,520.9006713921679,0,1.0,1.188039779663086
3900,planner,count,laplace,1.0,0,3,1.0,0.0
4000,operator,location,laplace,1.0,538.044739045744,0,1.0,19.011497497558594
4000,operator,count,laplace,1.0,0,2,1.0,0.0
4100,operator,location,laplace,1.0,546.876182895828,0,1.0,24.668455123901367
4100,operator,count,laplace,1.0,0,4,1.0,0.0
4200,operator,location,laplace,1.0,571.2952107557863,0,1.0,3.5936832427978516
4200,operator,count,laplace,1.0,0,1,1.0,0.0
4200,planner,location,laplace,1.0,558.3799786281413,0,1.0,17.97771453857422
4200,planner,count,laplace,1.0,0,2,1.0,0.0
4300,operator,location,laplace,1.0,579.2790483063445,0,1.0,27.013778686523438
4300,operator,count,laplace,1.0,0,0,1.0,0.0
4400,operator,location,laplace,1.0,571.2893735178857,0,1.0,15.912532806396484
4400,operator,count,laplace,1.0,0,0,1.0,13.75436782836914
4500,operator,location,laplace,1.0,516.9491636119385,0,1.0,14.313697814941406
4500,operator,count,laplace,1.0,0,1,1.0,1.047372817993164
4500,planner,location,laplace,1.0,555.4769749030846,0,1.0,4.614830017089844
4500,planner,count,laplace,1.0,0,1,1.0,0.0
4600,operator,location,laplace,1.0,559.6131072102963,0,1.0,11.998414993286133
4600,operator,count,laplace,1.0,0,0,1.0,0.0
4700,operator,location,laplace,1.0,544.5956753055261,0,1.0,14.716148376464844
4700,operator,count,laplace,1.0,0,1,1.0,1.1379718780517578
4800,operator,location,laplace,1.0,510.5161952967328,0,1.0,15.207290649414062
4800,operator,count,laplace,1.0,0,1,1.0,1.493692398071289
4800,planner,location,laplace,1.0,568.923330189888,0,1.0,11.971235275268555
4800,planner,count,laplace,1.0,0,0,1.0,0.0
4900,operator,location,laplace,1.0,541.404144538537,0,1.0,22.08876609802246
4900,operator,count,laplace,1.0,0,3,1.0,0.0
5000,operator,location,laplace,1.0,538.1273648026761,0,1.0,22.23968505859375
5000,operator,count,laplace,1.0,0,1,1.0,0.0
5100,operator,location,laplace,1.0,563.2929360863385,0,1.0,26.23438835144043
5100,operator,count,laplace,1.0,0,3,1.0,0.9095668792724609
5100,planner,location,laplace,1.0,583.6947482644298,0,1.0,14.966487884521484
5100,planner,count,laplace,1.0,0,2,1.0,3.906726837158203
5200,operator,location,laplace,1.0,533.3978213225121,0,1.0,26.3214111328125
5200,operator,count,laplace,1.0,0,0,1.0,1.0149478912353516
5300,operator,location,laplace,1.0,579.1172711861207,0,1.0,20.391225814819336
5300,operator,count,laplace,1.0,0,0,1.0,0.0
5400,operator,location,laplace,1.0,594.8494285259764,0,1.0,17.539024353027344
5400,operator,count,laplace,1.0,0,3,1.0,0.4665851593017578
5400,planner,location,laplace,1.0,601.2004637817322,0,1.0,16.37864112854004
5400,planner,count,laplace,1.0,0,2,1.0,0.0
5500,operator,location,laplace,1.0,534.5638944418382,0,1.0,11.713743209838867
5500,operator,count,laplace,1.0,0,5,1.0,0.0
5600,operator,location,laplace,1.0,563.3496893836552,0,1.0,16.59703254699707
5600,operator,count,laplace,1.0,0,0,1.0,1.3813972473144531
5700,operator,location,laplace,1.0,565.4652800511934,0,1.0,16.826868057250977
5700,operator,count,laplace,1.0,0,3,1.0,0.0
5700,planner,location,laplace,1.0,576.7041064166195,0,1.0,17.03786849975586
5700,planner,count,laplace,1.0,0,3,1.0,0.0
5800,operator,location,laplace,1.0,560.4997982577489,0,1.0,16.788244247436523
5800,operator,count,laplace,1.0,0,1,1.0,0.0
5900,operator,location,laplace,1.0,536.8673790131081,0,1.0,16.82734489440918
5900,operator,count,laplace,1.0,0,1,1.0,0.0
6000,operator,location,laplace,1.0,576.8208757063628,0,1.0,16.240835189819336
6000,operator,count,laplace,1.0,0,0,1.0,1.1706352233886719
6000,planner,location,laplace,1.0,573.6606957790249,0,1.0,18.273591995239258
6000,planner,count,laplace,1.0,0,1,1.0,1.3308525085449219
6100,operator,location,laplace,1.0,558.698534602277,0,1.0,19.679546356201172
6100,operator,count,laplace,1.0,0,1,1.0,0.0
6200,operator,location,laplace,1.0,567.8734512909566,0,1.0,20.48516273498535
6200,operator,count,laplace,1.0,0,4,1.0,0.0
6300,operator,location,laplace,1.0,557.0225627504317,0,1.0,31.212806701660156
6300,operator,count,laplace,1.0,0,1,1.0,0.9984970092773438
6300,planner,location,laplace,1.0,566.5623819699318,0,1.0,17.539262771606445
6300,planner,count,laplace,1.0,0,1,1.0,1.0304450988769531
6400,operator,location,laplace,1.0,581.956862904297,0,1.0,17.907142639160156
6400,operator,count,laplace,1.0,0,0,1.0,0.0
